,name,symbol,price,price_BNB
0x55d398326f99059fF775485246999027B3197955,Tether USD,USDT,0.9998670940559071,0.004645964781024408
0xe9e7CEA3DedcA5984780Bafc599bD69ADd087D56,BUSD Token,BUSD,1.0000877916806714,0.004646990270709994
0xbb4CdB9CBd36B01bD1cBaEBF2De08d9173bc095c,Wrapped BNB,WBNB,215.2119976119437,1.0
0x8AC76a51cc950d9822D68b83fE1Ad97B32Cd580d,USD Coin,USDC,1.0015512008730634,0.0046537901220187325
0x0E09FaBB73Bd3Ade0a17ECC321fD13a19e81cE82,PancakeSwap Token,Cake,3.0425702886967456,0.014137553369954143
0x7130d2A12B9BCbFAe4f2634d864A1Ee1Ce3Ead9c,BTCB Token,BTCB,20016.835180528127,93.00987284126396
0x14016E85a25aeb13065688cAFB43044C2ef86784,TrueUSD,TUSD,0.9994700070894444,0.004593928686312407
0x2170Ed0880ac9A755fd29B2688956BD959F933F8,Ethereum Token,ETH,1066.3298408225232,4.953921320820773
0x8C851d1a123Ff703BD1f9dabe631b69902Df5f97,BinaryX,BNX,130.66173437737388,0.6059130426109959
0xc748673057861a797275CD8A068AbB95A902e8de,Baby Doge Coin,BabyDoge,1.2383769070680102e-09,5.754216809495286e-12
0x352Cb5E19b12FC216548a2677bD0fce83BaE434B,BitTorrent,BTT,7.82361096488328e-07,3.63265198828422e-09
0x0566B9a8fFb8908682796751EEd00722da967Be0,FGDTOKEN,FGD,6.29164442291909,0.029229309566163143
0x880BCe9321c79cAc1D290De6d31DDE722C606165,Freedom Protocol Token,FREE,0.12800250601151378,0.0005946648288320953
0x3203c9E46cA618C8C1cE5dC67e7e9D75f5da2377,Mobox,MBOX,0.5500162327914395,0.002553828931797422
0x8bF9dC93b6f81A5FC70D0b451596fD2B09Fe92c3,TAU Token,TAU,2.737755399163465,0.01259466888261943
0x9a3321E1aCD3B9F6debEE5e042dD2411A1742002,PIGS Token,AFP,70.26932430359682,0.32651220131326664
0x7268B479eb7CE8D1B37Ef1FFc3b82d7383A1162d,Meblox Protocol,MEB,0.11096832322001791,0.000515244646327145
0x85EAC5Ac2F758618dFa09bDbe0cf174e7d574D5B,TRON,TRX,0.06328433379771373,0.0002940558677874949
0xE283D0e3B8c102BAdF5E8166B73E02D96d92F688,Elephant Money,ELEPHANT,6.44146630236073e-08,2.9779457698585005e-10
0xD40bEDb44C081D2935eebA6eF5a3c8A31A1bBE13,Metahero,HERO,0.008692113710515365,4.035277522184568e-05
0xDBdC73B95cC0D5e7E99dC95523045Fc8d075Fb9e,DOGS,DOGS,24.23845788445591,0.11343405227055552
0xE9c7a827a4bA133b338b844C19241c864E95d75f,FileSystemVideo,FSV,4.585893385753587,0.021089130142159133
0x51E6Ac1533032E72e92094867fD5921e3ea1bfa0,LUCA,LUCA,5.070761006496674,0.023540685182802716
0x64619f611248256F7F4b72fE83872F89d5d60d64,QUINT,QUINT,1.3679001868697822,0.006320915719317873
0x26619FA1d4c957C58096bBbeCa6588dCFB12E109,TIME,TIME,0.23913376304967413,0.0011039918890426634
0x486eB84e0C8469197A2f392B633C51b401abf757,TIGER,TIGER,68.27668016133362,0.31698225110789446
0x9131066022B909C65eDD1aaf7fF213dACF4E86d0,META-UTOPIA LAND,LAND,28.8380990896562,0.133987753899544
0x1AF3F329e8BE154074D8769D1FFa4eE058B1DBc3,Dai Token,DAI,1.0025954433197226,0.00465760301281175
0x3b248CEfA87F836a4e6f6d6c9b42991b88Dc1d58,emp.money,EMP,0.219152770497188,0.0010181426328070514
0xb78B7E82B074C267Dd487db293A8Faf831aE2D71,ELVES,ELV ,1.327071054980272,0.0061095785981210085
0x09BB6042A19BB3A6981e9a47EC0f006dBd28a8d1,WEDEX TOKEN V2,DEX,0.5105812705602792,0.0023494322513574165
0xaE21BFe30aFf40A66Bc9a950D61C1a6B1c82Ad2A,FUT,FUT,1874.3239008323894,8.615326641278116
0xdd325C38b12903B727D16961e61333f4871A70E0,Elephant Money Stable,TRUNK,0.35519263843071786,0.0016489657945720176
0xB2F53069E1555793481aAfe639F8E274f4Ec8435,Binance-Peg BSC-ZEED,BSC-ZEED,6.938217507287817,0.03192383093154124
0x20f663CEa80FaCE82ACDFA3aAE6862d246cE0333,DRIP Token,DRIP,8.315858274440153,0.038640082223401956
0xD41FDb03Ba84762dD66a0af1a6C8540FF1ba5dfb,SafePal Token,SFP,0.3688642697967247,0.0017099319907730164
0x3019BF2a2eF8040C242C9a4c5c4BD4C81678b2A1,Green Metaverse Token,GMT,0.7683503144072991,0.0035695082780338315
0xE5bA47fD94CB645ba4119222e34fB33F59C7CD90,Safuu,SAFUU,9.74380075267751,0.04527556949182321
0x7083609fCE4d1d8Dc0C979AAb8c869Ea2C873402,Polkadot Token,DOT,7.551828244848331,0.03488899679790081
0xF8A0BF9cF54Bb92F17374d9e9A321E6a111a51bD,ChainLink Token,LINK,6.595435134879905,0.030451088706044408
0x477bC8d23c634C154061869478bce96BE6045D12,SeedifyFund,SFUND,1.0673971592069986,0.004948517315110004
0x5CA42204cDaa70d5c773946e69dE942b85CA6706,Position Token,POSI,0.17807318773518618,0.0008272026336260434
0x0B165eD2633E08FE5e778E085e95C1C9b52e300D,Flames,FLS,35.832670691702624,0.16472504505851968
0x1AE369A6AB222aFF166325B7b87Eb9aF06C86E57,10Set Token,10SET,3.269188280448056,0.015187679540259697
0xeacAd6c99965cDE0f31513dd72DE79FA24610767,MetaSwap,MSC,107.75446913047755,0.49734110818274146
0xbA552586eA573Eaa3436f04027ff4effd0c0abbb,Meer (bsc),MEER,17.113915434448675,0.0787839938655018
0xC9EF9C76b2df7b544D6c0A4ca0fe92C0EC66c3c5,Stone DAO Token,STONE,0.013356985463971975,6.173805307129379e-05
0x4a2c860cEC6471b9F5F5a336eB4F38bb21683c98,GreenSatoshiToken,GST,0.39714154642453064,0.001845350895872938
0xc212D39E35F22F259457bE79Fc2D822FA7122e6e,CBET,CBET,1.0084392630454077e-07,5.191394802791881e-10
0x5Ad04Ad0fDB383fe0e939690D8ce9fCbBE0E3CA8,FA.CASH,FA,0.04785079938856533,0.0002206316584151807
0xBA96731324dE188ebC1eD87ca74544dDEbC07D7f,Titano,TITANO,0.041152072976604684,0.0001899981348233376
0x3EE2200Efb3400fAbB9AacF31297cBdD1d435D47,Cardano Token,ADA,0.46437020432452514,0.0021558195587982405
0x1D2F0da169ceB9fC7B3144628dB156f3F6c60dBE,XRP Token,XRP,0.3205199966195286,0.001489313389231475
0x78F5d389F5CDCcFc41594aBaB4B0Ed02F31398b3,ApolloX Token,APX,0.04034606302350187,0.00018722928120607643
0xC001BBe2B87079294C63EcE98BdD0a88D761434e,EverGrow Coin,EGC,1.2332436561031988e-07,5.698303038602933e-10
0x12BB890508c125661E03b09EC06E404bc9289040,Radio Caca V2,RACA,0.0003677858246899237,1.708808607763473e-06
0xF0b9ED3C1EA27f00902438b73c8B40FF273dA1d8,Black Hole Prince,BHP,805.4890725151275,3.71420044887399
0x9B1188e01B45a283CdE53888ED1558FB6f9ae692,First Free Finance,FFF,1.2125639324062991,0.0055744603357408655
0x8F0528cE5eF7B51152A59745bEfDD91D97091d2F,AlpacaToken,ALPACA,0.20534767786663516,0.0009530337077835536
0x02fF5065692783374947393723dbA9599e59F591,YOOSHI,YOOSHI,8.60529270725991e-08,3.9978631569528087e-10
0xBf5140A22578168FD562DCcF235E5D43A02ce9B1,Uniswap,UNI,5.0915279853094,0.023629049572937936
0xF02188236708F2461E4ea726F9229fE4596be698,inSF,inSF,0.627061608712994,0.0028827080212270994
0xc9C8050639c4cC0DF159E0e47020d6e392191407,MOS Token,MOS,11.20947293116923,0.05239398841894999
0xD6c7fbd02752E41D9B6000193668c16470FeFd7D,Doxy Finance,DOXY,3.2069830125159404,0.014790036239464843
0xBfACD29427fF376FF3BC22dfFB29866277cA5Fb4,PISTON,PSTN,7.716540511165902,0.03576972050753334
0xE0e514c71282b6f4e823703a39374Cf58dc3eA4f,BELT Token,BELT,0.3895941272515976,0.0017938423358029288
0x8AC9DC3358A2dB19fDd57f433ff45d1fc357aFb3,Nemesis DAO,NMS,7.729582134414452,0.03591323219857147
0xbA2aE424d960c26247Dd6c32edC70B295c744C43,Dogecoin,DOGE,0.06186924024625463,0.00028745388138544034
0x697bd938e7E572E787ecd7bC74a31f1814C21264,DigitalFinancialExch,DIFX,0.29964527229068944,0.0013920158248224284
0xf3Bef262E70D200080AE795f41261756058d289A,Olink,Olink,17.533094217160794,0.08072371364819374
0x85973C97919c999E5D3d8832290152a3ACdf8a6E,peace,peace,3.4502312916991205,0.015877557477421943
0xFdc7a089CD7463dd6be155A7f3f21CF10338B888,CF Token,CF,2.2964481019397316,0.010573601020729918
0x2cD96e8C3FF6b5E01169F6E3b61D28204E7810Bb,LuckyBlock,LBlock,0.0009785665810501418,4.545975833527284e-06
0xB82BEb6Ee0063Abd5fC8E544c852237aA62CBb14,Square Token,SQUA,15.231704747560267,0.07077532776607807
0x6d349929aFFB41Ba0b542a5981b24B426badF0a2,ARK WORLD,AKW,0.8498049657133327,0.003920401765979392
0x2BC238ac402D54c18e6542D83D6456777CE0e04a,YFNT,YFNT,139.91266320758572,0.6515931702124561
0xEE6cacDDd3A9370d87dB581EE6728226883578e5,Jump Satoshi Token,JST,5.068717287528841,0.02355221223183071
0x0801bC05E73Fa618084eD9e2BC39B62E596CDA24,Union God,UNG,1.3578265235407485,0.0062439587261753785
0xcB1fB6DD943BFF519e2FF6F3C0B38E81ac381603,Multi Union Kingdom,MUK,5.5784521907993385,0.025914706176546835
0xA2a26349448ddAfAe34949a6Cc2cEcF78c0497aC,TrusterCoin,TSC,0.0025272245586714353,1.1633414569297342e-05
0xB19463ad610ea472a886d77a8ca4b983E4fAf245,YYDS Token,YYDS,1556.6317386533333,7.182714978280314
0x2629C46C0700222A18194B5eDE91752FaB626631,Galaxy Coin,GXY,1.103468197595031,0.005074615680437798
0x6f9F0c4ad9Af7EbD61Ac5A1D4e0F2227F7B0E5f9,Era Token,ERA,0.1855639425874167,0.000862237095751835
0x3a0d9d7764FAE860A659eb96A500F1323b411e68,GYM NETWORK,GYMNET,0.08373784648347915,0.0003890224948023868
0xb3a6381070B1a15169DEA646166EC0699fDAeA79,CyberDragon Gold,Gold,0.013570512978526607,6.304611277965743e-05
0x8E9b87caD37610D60120A1f48AA1036e24a3831a,X-PARALLEL SPACE,XPS,300.37541105144004,1.3955250339512726
0x4BD17003473389A42DAF6a0a729f6Fdb328BbBd7,VAI Stablecoin,VAI,0.9619400214373959,0.0044693712439032906
0x041E714Aa0DcE7d4189441896486d361e98BAD5f,RichToken,RCH,0.042649077888815334,0.00019772187675021224
0x829c09fCc46D9fd31967272ABA245BEF9f727F93,USDEX,USDEX,1.4383527609273623,0.006675647667448345
0x2aDc3468fc4149932DD16d0244B7228aA8EEAd5c,DIAOS,DIAOS,1.564712900809354,0.007270569335294722
0xffA905bb70B6d43CE7a8b84F2bA8e0a334B9765D,Mas,MAS,609.2873841595709,2.8166108069513895
